Model,ROC_AUC,Avg_Score
IsolationForest,0.5839872068230277,-0.9
LOF,0.6300186567164179,-0.9
OCSVM,0.6100772921108742,-0.898019801980198
Autoencoder,0.6877406716417911,0.15917618752666668
