Model,ROC_AUC,Precision@5%
IsolationForest,0.5957676339947313,0.3399122807017544
LOF,0.58615346669071,0.6140350877192983
OCSVM,0.6049667642907331,0.4824561403508772
PCA,0.5748708605634008,0.5614035087719298
Autoencoder,0.5738407297554424,0.3530701754385965
Ensemble,0.6097053660073415,0.3969298245614035
