Feature,MeanAbsSHAP
Is_Collateralized,0.43632749200852394
Exposure_to_Capital_Ratio,0.32406026222200207
Credit_Quality_Step,0.2891420983529865
Risk_Weight,0.26281830354410995
Exposure_Amount,0.2571337227042802
RWA,0.24795372103401422
Maturity_Months,0.2418432801064842
Capital_Requirement,0.2218573477615078
