Feature,MeanAbsSHAP
Maturity_Months,0.001506575424233922
Risk_Weight,0.0006217680978129045
Credit_Quality_Step,0.00048578393066104307
RWA,0.0004156226113375961
Exposure_Amount,0.00035158368137488716
Exposure_to_Capital_Ratio,0.0003360243978519893
Capital_Requirement,0.0003179116805948623
Is_Collateralized,7.92576595672227e-05
